season,team,conference,firstDowns,firstDownsOpponent,fourthDownConversions,fourthDownConversionsOpponent,fourthDowns,fourthDownsOpponent,fumblesLost,fumblesLostOpponent,fumblesRecovered,fumblesRecoveredOpponent,games,interceptionTDs,interceptionTDsOpponent,interceptionYards,interceptionYardsOpponent,interceptions,interceptionsOpponent,kickReturnTDs,kickReturnTDsOpponent,kickReturnYards,kickReturnYardsOpponent,kickReturns,kickReturnsOpponent,netPassingYards,netPassingYardsOpponent,passAttempts,passAttemptsOpponent,passCompletions,passCompletionsOpponent,passesIntercepted,passesInterceptedOpponent,passingTDs,passingTDsOpponent,penalties,penaltiesOpponent,penaltyYards,penaltyYardsOpponent,possessionTime,possessionTimeOpponent,puntReturnTDs,puntReturnTDsOpponent,puntReturnYards,puntReturnYardsOpponent,puntReturns,puntReturnsOpponent,rushingAttempts,rushingAttemptsOpponent,rushingTDs,rushingTDsOpponent,rushingYards,rushingYardsOpponent,thirdDownConversions,thirdDownConversionsOpponent,thirdDowns,thirdDownsOpponent,totalYards,totalYardsOpponent,turnovers,turnoversOpponent
2010,Air Force,Mountain West,286,242,18,12,30,22,11,10,10,11,13,0,0,189,23,6,12,1,0,892,1190,39,56,1576,2034,168,321,88,176,12,6,12,10,58,56,526,453,14679,14429,0,0,164,45,27,19,748,549,41,24,3985,2620,94,92,186,195,5536,4541,17,22
2010,Akron,Mid-American,175,253,5,11,12,16,8,8,8,8,12,0,3,70,128,14,8,0,1,1227,687,65,32,2069,3307,349,357,174,226,8,14,12,29,65,67,546,629,12693,13827,0,0,36,193,21,45,393,457,10,18,1361,1969,61,73,175,169,3222,5138,22,16
2010,Alabama,SEC,287,191,9,15,14,22,9,4,4,9,13,2,0,239,13,5,22,1,0,986,1628,41,77,3562,2491,362,367,253,192,22,5,24,12,66,68,490,545,15071,13143,1,0,349,64,45,24,467,435,30,6,2378,1432,68,62,151,178,5773,3723,14,26
2010,Arizona,Pac-10,308,241,9,8,18,18,10,9,9,10,13,1,2,130,98,12,9,1,0,1103,1180,48,58,4221,2940,524,413,357,233,9,12,25,18,91,81,682,662,14285,14857,0,0,129,137,41,34,435,481,20,16,1712,1712,94,81,194,196,5712,4431,22,18
2010,Arizona State,Pac-10,255,248,8,7,14,18,6,6,6,6,12,1,2,154,182,17,12,3,0,1405,1228,51,58,3617,3118,464,430,279,271,12,17,23,18,96,72,835,623,11892,14177,1,1,309,369,49,35,413,441,19,14,1671,1443,72,61,180,182,5108,4386,23,18
2010,Arkansas,SEC,291,236,9,14,19,21,9,14,14,9,13,1,0,98,187,15,11,0,1,1047,1794,54,72,4495,2631,465,340,301,187,11,15,36,13,103,92,831,678,14331,14310,1,0,311,92,39,34,421,522,22,21,1935,2114,68,63,165,185,6273,4523,24,25
2010,Arkansas State,Sun Belt,262,256,7,13,16,19,12,14,14,12,12,1,0,173,188,12,11,0,0,1198,1059,55,51,3220,2967,436,337,264,193,11,12,23,24,83,93,699,739,11734,14650,0,0,97,131,27,24,420,552,23,21,1789,2483,52,75,153,185,4841,5245,24,25
2010,Army,FBS Independents,239,228,14,10,19,19,11,16,16,11,13,1,1,241,74,3,14,0,0,954,1262,51,63,1077,2774,138,327,72,187,13,3,7,22,55,73,532,563,15633,12496,0,0,142,81,33,27,728,426,34,18,3271,1809,89,60,193,144,4286,4397,14,30
2010,Auburn,SEC,343,300,5,12,8,25,10,10,10,10,14,1,0,94,45,7,12,1,0,1482,1772,63,92,3154,3831,296,515,194,325,12,7,31,25,78,69,740,565,15869,15657,0,0,136,50,40,27,652,448,41,16,3987,1527,86,69,162,184,6989,5157,17,22
2010,BYU,Mountain West,283,229,8,13,20,19,10,7,7,10,13,0,1,211,123,11,16,0,0,1041,1041,48,45,2754,2681,428,384,243,205,16,11,17,20,69,81,562,793,15396,13821,0,0,217,94,37,24,518,462,23,14,2185,1802,92,75,199,186,4764,4301,21,23
2010,Ball State,Mid-American,196,248,7,11,13,18,15,9,9,15,12,1,3,158,185,16,17,1,0,1078,988,52,51,1944,2719,309,349,166,200,17,16,18,25,68,77,594,724,12998,13809,0,1,146,179,26,43,445,467,11,19,1827,2140,51,71,153,167,3670,4780,31,26
2010,Baylor,Big 12,310,314,12,13,22,21,12,10,10,12,13,1,1,120,14,8,10,1,3,1231,1347,62,64,3781,3602,471,467,313,309,10,8,23,16,108,83,1007,692,14794,14644,0,0,149,175,40,32,468,508,25,27,2530,2214,72,82,180,190,6179,5660,20,20
2010,Boise State,Western Athletic,326,193,6,9,16,24,13,13,13,13,13,3,0,181,64,6,14,0,0,777,1950,34,91,4238,2266,424,371,299,190,14,6,38,8,73,72,711,644,14790,13910,1,1,506,126,49,17,485,461,34,12,2603,1349,76,54,155,189,6777,3311,19,27
2010,Boston College,ACC,195,233,4,7,6,14,6,13,13,6,13,2,2,313,189,19,20,0,0,983,972,55,51,2422,3086,351,510,180,324,20,19,13,14,74,69,661,596,13769,15579,0,2,114,162,41,49,464,402,10,7,1663,1076,63,82,192,206,3888,4026,25,33
2010,Bowling Green,Mid-American,209,267,10,6,26,11,12,15,15,12,12,4,2,354,263,20,14,1,0,1213,771,68,39,3023,2792,459,374,266,236,14,20,12,25,72,74,639,682,13455,13863,2,0,222,239,31,35,361,473,16,24,754,2489,65,70,185,159,3533,5184,32,29
2010,Buffalo,Mid-American,206,218,3,6,18,14,10,10,10,10,12,1,4,123,353,23,15,0,0,974,840,51,34,2414,2293,410,325,185,175,15,23,17,20,60,81,567,708,12017,14242,0,0,201,210,23,46,440,503,3,20,1361,1909,73,64,200,173,3572,4086,33,25
2010,California,Pac-10,213,216,6,14,15,20,7,11,11,7,12,1,1,72,136,11,9,0,0,1002,1214,48,54,2271,2478,332,362,185,203,9,11,16,15,80,75,685,643,13593,12906,1,2,304,259,44,42,428,436,19,15,1907,1581,52,60,149,173,4008,3825,18,20
2010,Central Michigan,Mid-American,264,242,16,5,27,13,11,14,14,11,12,1,0,69,95,18,4,0,2,1037,954,53,42,3618,2579,477,360,288,219,4,18,17,16,67,84,619,755,13642,13025,1,1,170,235,40,31,383,456,18,20,1269,2063,64,64,171,165,4677,4524,29,18
2010,Cincinnati,Big East,263,235,6,6,14,12,14,6,6,14,12,0,0,23,294,15,8,0,0,1191,980,60,45,3384,2968,435,370,251,240,8,15,27,25,81,75,761,685,12415,14063,0,0,152,81,41,27,402,465,15,19,1880,1625,77,74,170,175,5008,4433,29,14
2010,Clemson,ACC,233,222,8,8,16,12,9,5,5,9,13,2,1,189,208,14,15,1,0,1018,1240,46,62,2675,2688,409,382,230,205,15,14,17,18,78,87,718,825,13766,14817,0,0,331,130,47,40,457,484,19,8,1807,1670,75,79,191,205,4350,4164,23,20
2010,Colorado,Big 12,236,251,8,8,14,19,9,9,9,9,12,0,1,31,201,11,10,0,0,1164,976,50,48,2864,3297,397,388,237,264,10,11,21,27,78,72,588,643,13948,12553,0,0,131,189,31,45,450,421,15,15,1644,1683,82,66,182,161,4316,4800,20,19
2010,Colorado State,Mountain West,217,259,7,6,25,15,9,10,10,9,12,0,1,28,181,13,4,0,1,1482,756,62,29,2906,2862,393,306,253,213,4,13,11,24,54,56,486,511,13271,13320,0,0,104,154,27,35,392,479,10,27,1356,2375,62,84,169,154,4018,5086,22,14
2010,Duke,ACC,239,261,9,13,19,20,9,9,9,9,12,0,2,63,278,19,8,0,1,1419,946,68,50,3421,2980,489,329,295,180,8,19,14,25,55,79,487,647,12609,13516,0,1,188,288,31,27,383,519,19,26,1320,2499,73,68,183,163,4576,5401,28,17
2010,East Carolina,Conference USA,307,306,21,13,28,18,14,10,10,14,13,1,3,120,207,16,11,1,0,1653,1586,84,77,4272,3376,632,405,408,242,11,16,39,31,103,86,879,746,13184,15513,0,0,227,134,28,33,358,553,21,41,1546,2947,78,95,181,185,5689,6224,30,21
2010,Eastern Michigan,Mid-American,205,260,13,5,28,10,10,11,11,10,12,0,0,34,102,14,2,0,2,1403,871,72,40,2074,2739,282,298,150,190,2,14,14,32,67,61,639,537,14529,12334,0,0,27,133,27,36,511,453,17,36,2080,2767,61,63,173,132,4001,5449,24,13
2010,Florida,SEC,247,230,17,6,33,10,15,7,7,15,13,4,1,538,116,12,22,2,0,1392,1266,54,65,2540,2402,381,372,230,200,22,12,12,17,101,73,745,552,14710,15470,2,1,302,109,45,28,504,481,31,14,2165,1698,64,71,172,188,4561,3985,27,29
2010,Florida Atlantic,Sun Belt,189,254,6,11,14,23,13,6,6,13,12,1,2,136,304,14,11,0,0,1116,702,56,31,2793,2513,342,325,193,197,11,14,17,16,86,73,700,577,12876,13492,0,1,149,281,31,44,400,536,8,24,1127,2443,53,64,164,172,3627,4816,27,17
2010,Florida International,Sun Belt,250,246,9,10,19,19,7,10,10,7,13,2,0,188,226,14,15,2,0,1334,1265,60,62,2865,2819,384,387,234,211,15,14,16,19,106,88,916,704,15175,13574,0,1,183,370,42,48,522,475,26,25,2438,2193,68,64,183,181,5136,4796,21,25
2010,Florida State,ACC,274,280,7,12,10,26,10,12,12,10,14,1,2,185,159,13,15,0,0,1169,837,58,39,3096,3424,397,477,250,278,15,13,24,17,89,97,823,760,15808,15784,1,0,318,143,44,26,500,528,27,12,2400,1802,89,92,185,222,5338,4952,23,27
2010,Fresno State,Western Athletic,251,236,13,8,20,18,15,5,5,15,13,1,1,151,156,9,8,0,2,1347,1601,59,68,3086,2962,364,377,228,219,8,9,24,20,73,60,642,515,15181,13077,1,1,299,126,40,34,494,450,19,26,1958,2060,63,68,178,172,4818,4774,24,13
2010,Georgia,SEC,245,231,8,6,15,14,8,10,10,8,13,3,0,169,137,8,16,1,0,930,1309,44,67,3353,2515,359,317,218,174,16,8,25,15,68,62,545,468,14786,14643,0,0,223,77,33,30,455,511,21,23,1854,1914,66,72,163,172,5005,4271,16,26
2010,Georgia Tech,ACC,265,252,22,10,40,21,20,13,13,20,13,2,0,214,32,7,8,0,1,1057,1110,53,59,1173,2739,168,365,64,221,8,7,9,14,80,63,663,531,15796,13871,0,1,134,185,33,25,753,489,31,25,4203,2206,74,67,183,172,5294,4831,27,21
2010,Hawai'i,Western Athletic,333,267,10,14,19,29,9,15,15,9,14,3,3,322,345,17,23,0,0,1143,1810,58,90,5775,3314,618,445,394,262,23,17,42,24,90,90,786,782,15105,16070,0,1,72,229,42,23,308,524,25,20,1489,1902,56,74,150,197,7009,5006,26,38
2010,Houston,Conference USA,307,251,12,7,21,13,7,9,9,7,12,2,2,245,357,20,13,1,0,1331,1403,60,64,4008,2807,484,370,298,219,13,20,34,21,60,61,481,532,11813,13417,1,0,231,160,30,24,410,526,20,28,1839,2505,79,75,163,155,5766,5194,27,22
2010,Idaho,Western Athletic,259,282,8,10,19,21,11,19,19,11,13,0,3,119,250,17,11,1,0,1299,1046,61,42,4189,3223,549,433,313,259,11,17,27,23,87,92,866,851,14912,14664,0,1,81,243,38,32,373,493,12,18,1146,2456,86,65,198,178,5028,5464,28,30
2010,Illinois,Big Ten,268,233,9,7,11,17,7,16,16,7,13,3,1,199,219,12,11,0,0,968,1237,49,56,2111,3020,284,413,165,242,11,12,18,20,79,63,713,598,16093,13639,0,0,60,246,45,39,619,434,29,14,3199,1700,72,66,177,181,5162,4567,19,27
2010,Indiana,Big Ten,260,228,5,4,13,10,8,5,5,8,12,1,3,91,248,12,8,0,0,1479,1449,63,60,3537,2937,513,345,311,226,8,12,25,27,52,81,476,775,13683,12824,0,1,61,199,17,34,348,407,13,20,1204,2062,74,67,169,153,4650,4922,20,13
2010,Iowa,Big Ten,261,249,5,9,10,17,5,5,5,5,13,4,1,315,135,6,19,1,1,809,1222,32,58,3190,3172,357,479,226,298,19,6,26,12,64,85,486,753,14820,14433,1,0,180,82,41,31,449,407,16,13,1929,1320,73,75,158,188,4978,4317,11,24
2010,Iowa State,Big 12,220,263,9,13,23,19,7,10,10,7,12,3,1,231,191,10,13,1,1,1185,970,54,36,2282,2739,373,372,211,238,13,10,14,20,71,60,616,538,12547,14027,1,0,144,234,35,25,455,512,15,19,1718,2236,68,76,181,177,3809,4899,17,23
2010,Kansas,Big 12,219,270,10,9,23,16,6,5,5,6,12,0,1,18,197,14,7,1,0,1384,809,66,34,2179,2752,353,341,203,224,7,14,11,18,72,97,681,951,12625,13438,0,3,57,277,24,35,470,491,13,30,1615,2462,81,73,198,157,3557,5132,20,12
2010,Kansas State,Big 12,250,282,13,10,20,18,10,9,9,10,13,0,2,125,119,8,13,2,1,1421,1198,57,57,2519,2910,293,400,189,221,13,8,16,23,62,81,469,711,14557,13772,0,0,189,67,43,41,554,507,40,21,2593,3008,82,83,176,185,4924,5794,18,22
2010,Kent State,Mid-American,201,217,10,8,17,19,13,11,11,13,12,2,0,177,173,14,16,1,1,983,842,48,48,2546,2779,390,405,228,245,16,13,11,10,74,68,670,497,13295,14051,1,1,211,168,51,45,383,434,15,21,1363,1166,49,69,160,186,3772,3680,27,27
2010,Kentucky,SEC,289,236,17,7,29,8,11,7,7,11,13,0,1,4,115,9,9,0,2,1343,1198,59,50,3644,2463,458,319,298,172,9,9,26,14,71,72,592,620,14246,14714,1,0,239,227,44,30,452,501,26,30,2061,2302,79,65,179,166,5562,4604,20,16
2010,LSU,SEC,228,211,11,11,12,21,12,13,13,12,13,1,0,363,141,11,19,0,1,1190,1568,46,75,2196,2475,301,344,173,196,19,11,10,15,77,70,603,555,14845,14019,2,0,432,59,44,20,538,478,29,15,2438,1785,70,61,184,176,4461,3993,23,32
2010,Louisiana,Sun Belt,210,243,13,4,27,8,10,8,8,10,12,0,3,80,183,15,14,1,0,1217,1025,69,48,3238,2957,436,367,229,230,14,15,18,26,68,76,486,654,13561,13227,0,1,91,305,25,38,414,445,14,23,1207,1951,69,69,196,164,4207,4793,25,22
2010,Louisiana Tech,Western Athletic,251,283,14,6,26,10,13,11,11,13,12,0,1,154,99,14,13,1,0,1576,1205,67,58,2745,3634,424,441,260,267,12,14,16,27,59,69,527,574,11815,15050,1,1,218,108,38,38,465,478,22,17,2051,2063,68,77,181,181,4678,5545,27,24
2010,Louisville,Big East,243,220,7,4,13,8,8,10,10,8,13,1,1,104,102,8,9,1,1,1147,1256,44,52,2636,2450,363,343,217,188,9,8,22,16,103,85,829,676,14689,14320,1,0,290,102,38,37,472,471,17,14,2275,1876,71,60,178,176,4797,4052,16,19
2010,Marshall,Conference USA,197,258,4,12,13,23,8,6,6,8,12,1,4,180,345,15,11,1,0,1286,882,59,45,2680,3102,421,442,235,251,11,15,22,18,79,82,646,708,12404,14721,1,0,146,253,32,50,345,446,7,20,1166,1743,66,82,178,192,3771,4632,23,17
2010,Maryland,ACC,228,260,14,14,21,26,4,10,10,4,13,4,2,310,217,10,19,0,1,914,1408,53,75,2951,3171,389,499,219,270,19,10,27,17,102,95,890,820,14024,14603,2,0,576,320,37,43,433,480,21,14,1796,1618,61,86,171,217,4587,4580,14,29
2010,Memphis,Conference USA,172,276,1,6,7,15,13,5,5,13,12,0,1,120,228,13,8,0,0,1351,814,74,31,2560,3550,335,369,187,242,8,13,14,38,76,60,584,477,13222,13321,0,1,5,436,24,43,383,468,5,23,1099,2063,53,84,165,170,3420,5528,26,13
2010,Miami,ACC,288,218,8,5,21,11,9,12,12,9,13,2,1,155,410,27,16,1,0,865,1109,44,50,3238,2207,443,328,240,163,16,27,21,9,107,81,893,668,13485,15226,1,0,154,188,45,42,494,546,19,20,2372,2246,76,69,186,197,5477,4203,36,28
2010,Miami (OH),Mid-American,265,236,4,11,16,25,9,14,14,9,14,2,1,300,219,15,21,0,0,986,1352,48,64,3797,3191,504,424,323,241,21,15,19,14,77,79,636,693,16618,14711,1,0,133,135,34,48,438,448,14,28,1376,1786,70,66,195,182,4928,4735,24,35
2010,Michigan,Big Ten,299,266,12,19,28,26,14,7,7,14,13,0,1,170,187,15,12,0,1,1544,1275,72,60,3320,3567,385,409,243,261,12,15,23,21,60,51,597,458,13596,14222,0,0,104,81,23,15,556,554,35,34,3101,2456,77,78,172,182,6353,5860,29,19
2010,Michigan State,Big Ten,252,248,12,13,17,21,9,7,7,9,13,0,2,197,188,10,17,0,0,979,1220,50,58,3289,2988,373,422,244,243,16,10,23,19,87,76,754,638,15787,13877,1,0,260,239,38,41,444,451,25,16,1978,1738,63,71,168,180,5051,4599,19,24
2010,Middle Tennessee,Sun Belt,242,258,7,10,12,17,14,8,8,14,13,2,1,286,348,24,11,1,0,1356,1093,54,53,2642,2804,384,392,226,225,11,24,9,19,80,91,726,663,12123,16227,0,1,174,225,42,38,525,590,32,25,2350,2439,75,79,199,207,4835,5026,38,19
2010,Minnesota,Big Ten,239,229,12,7,25,9,8,8,8,8,12,0,0,123,93,9,11,0,2,1248,977,61,44,2841,2461,378,280,209,182,11,8,21,21,67,68,513,621,14365,12259,0,1,99,122,23,25,447,436,14,29,1623,2297,67,61,172,131,4336,4706,17,19
2010,Mississippi State,SEC,268,252,15,9,19,24,8,15,15,8,13,1,0,82,151,13,13,1,0,1083,1450,51,64,2558,3236,288,446,168,258,13,13,18,19,68,78,559,617,15200,14154,0,0,153,94,39,35,619,435,28,11,2793,1548,90,64,196,185,5217,4639,21,28
2010,Missouri,Big 12,286,248,6,9,12,25,8,11,11,8,13,0,1,359,131,10,18,1,0,696,1447,33,66,3434,2896,490,441,312,249,18,10,17,13,79,79,747,609,13890,15124,0,0,158,95,44,38,439,484,28,12,2033,1988,70,81,184,203,5325,4633,18,29
2010,NC State,ACC,304,209,13,11,20,18,8,20,20,8,13,2,1,164,156,14,9,0,2,855,1669,46,78,3883,3212,545,406,319,246,9,14,28,21,65,83,473,751,15337,14044,3,0,205,157,41,35,461,433,17,12,1603,1486,90,60,208,181,5258,4412,22,29
2010,Navy,FBS Independents,265,271,13,21,20,32,10,16,16,10,13,0,0,66,28,6,7,0,0,1123,1498,50,66,1626,3041,157,424,84,290,7,6,13,22,44,69,359,604,14973,13530,0,0,70,130,21,24,692,470,37,16,3702,2156,88,73,170,171,5262,5077,16,23
2010,Nebraska,Big 12,254,236,9,6,14,17,16,4,4,16,14,4,0,313,37,8,19,1,0,895,1085,39,46,2305,2393,282,390,163,190,19,8,16,13,109,63,993,552,16197,14645,1,0,297,279,44,43,634,550,32,13,3466,2144,79,62,192,207,5574,4295,24,23
2010,Nevada,Western Athletic,369,268,18,7,24,22,10,12,12,10,14,2,0,210,74,9,12,0,1,1076,2050,48,82,3244,3632,375,488,241,273,12,9,22,15,72,72,681,614,17028,13833,1,0,244,114,37,28,669,428,52,18,4091,1684,101,70,187,188,7268,5090,19,24
2010,New Mexico,Mountain West,188,287,8,15,19,19,16,15,15,16,12,0,1,53,194,15,4,1,0,1648,979,70,33,2096,2706,365,318,192,192,4,15,11,25,79,77,718,743,13013,13880,0,3,23,531,28,55,440,567,10,38,1296,3002,59,79,183,170,3188,5628,31,19
2010,New Mexico State,Western Athletic,204,258,10,8,19,15,9,8,8,9,12,2,2,89,189,9,4,0,1,1586,1117,67,46,2141,3005,376,371,185,214,4,9,9,26,75,72,741,732,14391,13203,0,0,107,131,33,50,449,427,8,32,1549,2485,56,66,189,154,3558,5440,18,12
2010,North Carolina,ACC,246,233,14,12,23,21,14,5,5,14,13,2,0,287,68,9,19,0,0,917,1397,45,61,3697,2993,425,431,283,259,19,9,19,23,99,100,757,795,15102,14142,0,2,128,330,32,40,440,440,18,10,1634,1633,71,73,182,186,5066,4401,23,24
2010,North Texas,Sun Belt,224,221,9,5,16,10,9,7,7,9,12,0,0,74,38,9,8,2,1,1409,1135,58,52,2262,2664,316,328,182,187,8,9,16,20,84,73,603,597,13794,12633,0,0,43,297,34,43,489,473,17,23,2426,2219,71,81,179,183,4503,4733,18,15
2010,Northern Illinois,Mid-American,302,251,5,10,13,27,6,9,9,6,14,2,2,176,110,8,16,1,0,857,1555,39,75,2737,3100,329,448,208,263,16,8,23,15,63,76,587,715,16171,14703,1,0,266,77,44,23,581,459,42,16,3645,1771,86,72,170,195,6300,4686,14,25
2010,Northwestern,Big Ten,283,291,5,13,11,17,13,7,7,13,13,3,1,244,165,10,15,1,0,1149,1163,51,60,3276,3266,385,466,263,285,15,10,17,25,82,67,736,597,14778,14419,0,0,167,43,27,30,557,467,22,24,2027,2405,90,68,192,181,5084,5540,23,22
2010,Notre Dame,FBS Independents,259,235,5,11,11,21,8,7,7,8,13,1,2,131,125,16,18,0,0,1038,1142,49,58,3402,2972,481,440,285,274,18,16,28,11,58,90,531,775,13826,15295,1,1,91,77,49,36,414,465,11,15,1646,1848,69,74,179,203,4936,4644,24,25
2010,Ohio,Mid-American,221,241,13,9,19,22,12,8,8,12,13,1,0,136,198,20,17,0,0,1130,1229,53,67,2270,3168,272,408,159,248,16,21,20,21,73,73,628,583,14338,14109,0,0,273,53,35,25,496,458,25,17,2125,1600,50,75,145,182,4235,4594,32,25
2010,Ohio State,Big Ten,289,188,8,7,10,21,2,11,11,2,13,3,0,311,103,13,19,1,2,1055,1737,40,82,3104,2324,349,385,228,207,19,13,30,9,62,67,580,557,15346,13228,1,1,289,171,45,33,547,404,27,9,2861,1253,80,51,171,169,5832,3405,15,30
2010,Oklahoma,Big 12,371,248,14,9,27,21,6,13,13,6,14,3,2,223,225,12,19,0,4,935,1745,42,81,5001,3269,633,496,414,271,19,12,38,15,72,102,592,851,15990,16480,0,0,323,73,65,37,578,504,23,14,1932,2085,109,79,246,235,6739,5066,18,32
2010,Oklahoma State,Big 12,336,290,7,15,15,26,8,15,15,8,13,3,1,324,120,14,19,2,3,1261,1369,56,50,4615,3769,532,570,357,356,19,14,36,24,88,80,825,651,13204,15419,3,0,273,166,46,37,450,499,26,15,2267,1738,76,104,176,239,6763,5324,22,34
2010,Ole Miss,SEC,224,222,16,8,27,13,10,12,12,10,12,0,3,63,203,14,6,0,1,1338,1219,63,53,2382,3134,330,352,185,216,6,14,17,24,68,71,613,554,13447,13080,1,1,240,416,35,38,496,413,28,21,2491,1834,60,61,175,163,4798,4790,24,18
2010,Oregon,Pac-10,344,255,22,5,34,22,15,16,16,15,13,2,0,231,72,9,21,0,0,984,1832,46,95,3235,3031,395,489,248,263,21,9,31,15,93,83,798,675,13250,15122,5,0,679,110,53,21,630,474,42,11,3717,1665,83,74,185,211,6895,4498,24,37
2010,Oregon State,Pac-10,222,266,4,9,13,20,4,10,10,4,12,1,0,95,103,12,10,0,0,1372,1160,52,55,2718,2948,375,356,221,222,10,12,19,23,72,91,669,731,12230,14441,1,0,266,202,36,38,384,506,18,19,1435,2154,56,82,153,176,3918,4895,16,20
2010,Penn State,Big Ten,250,234,8,8,17,20,4,7,7,4,13,0,5,108,279,17,10,1,0,1224,976,58,47,3102,2442,425,351,236,214,10,17,19,19,52,57,402,464,14619,15068,1,1,272,130,50,37,448,483,16,14,1853,2153,79,51,189,161,4839,4509,21,17
2010,Pittsburgh,Big East,239,241,8,7,18,12,11,9,9,11,13,1,0,126,227,11,13,0,1,1040,1278,51,58,2790,2640,360,394,230,224,13,11,16,15,87,71,712,674,16027,13033,0,1,344,101,39,28,470,443,24,12,2154,1560,74,70,175,173,4770,3966,22,22
2010,Purdue,Big Ten,190,255,12,4,22,9,10,11,11,10,12,2,1,212,264,17,10,0,0,1087,863,56,39,1913,2965,354,389,197,256,10,17,13,23,77,66,684,530,12646,14527,0,0,137,132,36,26,442,459,12,20,1930,1655,58,71,180,165,3739,4428,27,21
2010,Rice,Conference USA,237,267,13,11,18,18,9,8,8,9,12,0,2,53,139,12,6,0,1,1723,1102,78,53,2820,3722,360,417,218,257,6,12,20,34,62,60,529,476,13625,14030,0,0,208,189,28,31,494,424,24,21,1913,1742,84,86,185,169,4504,5386,21,14
2010,Rutgers,Big East,186,216,8,2,18,10,5,14,14,5,12,0,1,91,151,10,8,0,1,1280,960,56,47,2734,2718,324,336,176,207,8,10,16,19,84,78,605,673,13558,12672,3,0,211,310,40,42,445,442,11,20,1211,1877,54,61,173,160,3539,4490,15,22
2010,SMU,Conference USA,290,286,14,14,22,27,13,5,5,13,14,1,1,99,232,14,10,0,1,1238,1414,57,59,4044,3104,516,430,304,255,10,14,31,18,75,59,706,547,16554,15513,0,0,136,127,42,33,404,550,14,24,1943,2027,80,88,182,202,5804,4940,27,15
2010,San Diego State,Mountain West,264,263,7,12,12,25,7,6,6,7,13,0,0,106,120,14,10,0,0,851,1456,44,57,3921,2867,426,427,244,221,10,14,28,18,77,81,672,687,13613,15400,0,0,169,255,49,42,439,521,29,16,2097,1934,80,71,173,204,5937,4599,21,16
2010,San Jos√© State,Western Athletic,204,313,7,10,13,16,8,8,8,8,13,0,2,141,215,18,9,0,0,1480,672,72,37,3309,3506,437,418,254,261,9,17,17,16,84,65,658,639,13512,14963,0,2,75,350,27,50,352,521,7,36,1021,2641,45,87,173,181,4096,6028,26,17
2010,South Carolina,SEC,289,259,3,11,6,26,9,16,16,9,14,5,1,252,54,17,10,0,1,1103,1489,55,72,3498,3656,389,460,252,289,10,17,23,23,73,80,568,667,16155,15456,0,0,63,280,33,40,522,467,26,13,2161,1574,89,80,181,198,5499,4961,26,26
2010,South Florida,Big East,214,224,4,10,8,17,6,5,5,6,13,1,2,219,197,16,15,2,0,1102,1156,49,53,2308,2749,323,404,185,238,15,16,13,18,74,93,599,787,13730,15693,2,1,312,184,43,43,487,470,19,8,1883,1633,51,70,162,196,4022,4133,22,20
2010,Southern Miss,Conference USA,316,256,8,9,15,13,10,10,10,10,13,2,0,118,93,8,16,1,3,1324,1981,57,82,3400,3316,471,430,294,248,16,8,24,28,98,78,905,587,15114,13860,1,0,217,85,49,28,559,405,28,18,2611,1469,105,58,215,169,5894,4633,18,26
2010,Stanford,Pac-10,316,241,11,14,16,26,9,12,12,9,13,1,0,153,67,8,18,0,0,936,1487,44,68,3411,2859,379,424,266,241,18,8,32,16,65,78,581,644,16433,12035,0,0,261,130,41,18,535,406,34,12,2779,1581,99,61,172,167,6142,4207,17,30
2010,Syracuse,Big East,224,217,3,15,10,27,13,8,8,13,13,0,1,211,125,8,9,0,1,1079,1231,49,59,2615,2328,364,368,205,208,9,8,19,15,93,89,771,728,13517,15262,0,0,294,168,46,33,448,488,14,14,1822,1770,67,80,174,205,4197,3919,21,17
2010,TCU,Mountain West,326,155,9,7,13,17,7,10,10,7,13,3,0,164,72,6,12,0,0,803,1687,31,84,3047,1827,331,323,218,157,12,6,29,10,68,64,542,507,15849,12234,0,0,533,121,63,28,600,391,41,9,3216,1296,85,40,159,166,6199,2970,13,22
2010,Temple,Mid-American,201,205,2,6,9,18,13,11,11,13,12,0,1,112,166,13,9,0,0,867,913,40,52,2354,2346,297,357,169,205,10,12,15,9,71,60,553,508,13226,13476,0,1,201,175,46,31,430,459,20,16,1803,1674,52,71,147,185,4009,3812,26,20
2010,Tennessee,SEC,230,255,7,8,17,15,9,10,10,9,13,4,2,294,197,15,18,0,0,1133,1158,53,61,3597,3164,419,439,238,252,18,15,26,14,76,88,573,663,14623,15035,0,1,73,218,34,40,408,474,14,23,1420,1983,69,75,189,191,4729,4968,24,28
2010,Texas,Big 12,241,194,10,4,17,12,13,10,10,13,12,1,1,151,254,17,8,0,0,720,953,39,47,2917,2201,445,305,262,173,8,17,10,13,75,73,664,677,14317,13485,0,1,302,215,36,33,433,478,19,21,1806,1663,77,66,192,179,4590,3602,30,18
2010,Texas A&M,Big 12,309,263,10,8,20,27,15,9,9,15,13,1,1,209,182,15,16,2,0,1206,1374,51,64,3873,3284,515,510,311,308,16,15,28,19,101,94,812,779,15168,14440,1,0,247,75,49,39,519,481,19,14,2145,1692,84,80,201,223,5744,4736,30,25
2010,Texas Tech,Big 12,323,306,11,19,25,36,16,8,8,16,13,1,1,250,234,11,15,0,2,1319,1057,60,51,4335,3997,617,520,406,317,15,11,39,28,77,95,776,868,13617,15586,0,0,119,127,34,37,437,509,17,20,1837,2113,93,73,210,204,5983,5932,27,23
2010,Toledo,Mid-American,231,254,7,14,19,26,9,14,14,9,13,1,1,226,107,14,20,3,2,1471,1255,59,61,2737,3206,365,453,228,285,20,14,23,16,102,73,834,665,15078,14691,0,2,99,303,39,36,495,438,22,27,2176,1735,75,65,188,174,4750,4742,23,34
2010,Troy,Sun Belt,303,257,2,11,13,24,15,16,16,15,13,0,2,128,150,15,14,1,0,957,1398,54,73,4025,3460,528,427,340,247,14,15,33,23,110,97,945,829,13818,14604,1,2,309,233,41,34,469,487,21,26,2036,2148,86,63,199,189,5895,5328,30,30
2010,Tulane,Conference USA,256,232,7,6,15,10,13,13,13,13,12,0,3,102,355,12,10,0,1,1309,1635,71,60,3144,2508,465,319,268,172,10,12,19,21,61,80,438,726,14158,12548,0,1,97,263,38,42,434,466,17,31,1530,2346,71,67,183,159,4479,4681,25,23
2010,Tulsa,Conference USA,332,293,7,10,13,17,8,13,13,8,13,4,1,444,175,11,24,1,2,1097,1641,50,87,3917,4351,469,507,280,306,24,11,32,33,57,66,544,542,14514,14548,1,0,296,29,29,37,537,435,32,17,2820,1714,87,73,181,175,6573,5861,19,37
2010,UAB,Conference USA,256,248,13,7,28,11,10,9,9,10,12,0,3,184,190,14,9,0,0,1339,1027,65,52,3284,3132,465,400,254,232,9,14,28,24,63,79,610,614,12987,13408,0,0,83,189,39,24,417,431,14,19,1870,1807,78,67,186,170,5074,4786,24,18
2010,UCF,Conference USA,290,244,10,11,15,22,7,7,7,7,14,5,1,351,97,11,17,2,0,1250,1346,44,77,2728,3101,296,475,191,258,17,11,16,21,71,61,566,523,17456,13796,0,0,394,80,47,24,602,451,36,9,2626,1517,90,90,177,207,5236,4415,18,24
2010,UCLA,Pac-10,221,260,6,7,16,18,15,11,11,15,12,0,1,132,60,14,7,0,1,1121,914,53,35,1881,2715,318,360,162,225,7,14,9,19,80,82,725,771,13101,13501,0,0,121,213,33,46,484,473,20,23,2107,2466,59,74,167,168,3800,5041,29,18
2010,UConn,Big East,210,244,11,3,19,16,10,12,12,10,13,5,2,486,142,9,20,3,0,1487,1329,55,59,2047,3096,357,445,188,261,20,9,10,16,63,76,522,582,14443,15565,0,1,229,362,36,45,501,478,20,13,2271,1862,60,82,192,204,4235,4768,19,32
2010,UL Monroe,Sun Belt,223,238,16,7,33,16,11,7,7,11,12,1,2,145,303,14,12,0,2,1432,897,68,42,2921,2769,401,366,247,199,12,14,18,21,96,66,790,523,14551,12446,0,0,71,209,27,38,473,438,13,23,1444,1933,67,62,189,164,4164,4564,25,19
2010,UNLV,Mountain West,205,291,10,13,27,20,7,11,11,7,13,1,1,67,187,13,7,0,0,1719,724,75,35,2458,3047,352,325,191,208,7,12,18,25,75,78,699,675,14608,15344,1,1,88,203,28,54,453,554,9,39,1343,2895,61,75,179,160,3565,5856,20,18
2010,USC,Pac-10,301,281,18,7,32,12,9,11,11,9,13,2,2,152,142,13,15,1,1,1248,1429,51,61,3256,3562,453,464,279,278,15,13,28,30,90,68,766,584,15695,14341,1,0,364,84,34,27,477,415,20,12,2461,1829,77,78,178,178,5609,5203,22,26
2010,UTEP,Conference USA,262,294,6,5,15,14,7,5,5,7,13,0,0,203,141,14,11,2,1,1538,1182,62,52,3064,3065,432,442,228,274,11,14,23,24,77,81,668,717,13935,14597,0,0,321,254,30,24,412,493,18,20,1782,2393,84,91,178,185,4685,5364,21,16
2010,Utah,Mountain West,243,219,11,4,17,19,14,13,13,14,13,1,0,194,167,12,12,1,0,1100,1122,46,61,3148,3118,398,380,248,233,12,12,24,20,76,61,665,505,13988,15504,3,2,616,106,40,33,428,451,27,9,1988,1452,74,67,175,182,5057,4379,26,25
2010,Utah State,Western Athletic,230,266,8,11,14,17,7,3,3,7,12,0,1,13,95,14,13,1,0,1561,1019,62,52,2324,3081,324,410,172,235,13,14,8,20,78,78,696,724,12823,13477,0,0,72,209,27,36,528,438,24,30,2024,2151,74,74,186,173,4168,5146,21,16
2010,Vanderbilt,SEC,180,238,4,9,19,18,9,6,6,9,12,1,2,67,222,11,9,0,0,1369,785,65,38,2159,2837,360,349,169,221,9,11,11,18,65,72,526,607,12524,14726,1,1,181,176,46,50,421,519,13,25,1666,2316,46,73,172,191,3579,5031,20,15
2010,Virginia,ACC,256,234,16,8,28,13,6,5,5,6,12,0,1,165,221,17,11,2,0,1107,864,51,39,3333,2440,443,304,262,172,11,17,20,14,97,87,865,738,13436,13142,0,0,133,160,30,27,419,480,17,28,1672,2444,64,69,172,166,4858,4753,23,16
2010,Virginia Tech,ACC,290,244,5,12,12,24,8,9,9,8,14,2,0,364,67,5,23,2,0,1136,1461,50,62,3071,3094,343,429,200,224,23,5,24,19,67,93,602,783,16481,14863,1,0,261,125,43,37,570,465,30,18,2782,2183,80,71,180,197,5632,5061,13,32
2010,Wake Forest,ACC,190,278,10,13,15,25,7,6,6,7,12,1,2,113,145,10,11,0,0,1420,1139,69,52,1927,3009,302,393,166,241,11,10,9,29,59,66,544,601,12553,14515,0,0,133,266,20,49,459,491,23,24,1902,2310,61,84,179,178,3628,5168,17,17
2010,Washington,Pac-10,240,265,10,6,24,13,8,7,7,8,13,1,1,51,61,9,12,0,0,1148,1301,56,54,2619,2701,376,359,205,216,12,9,19,15,80,90,706,813,14560,15275,0,0,128,364,39,48,481,530,15,32,2240,2476,59,73,184,180,4715,5003,17,19
2010,Washington State,Pac-10,211,279,7,14,21,24,11,11,11,11,12,0,1,92,96,12,11,0,0,983,578,46,35,3147,3141,384,359,227,238,11,12,19,25,76,77,714,665,13042,13634,0,2,113,236,29,42,417,473,11,30,1092,2643,70,65,179,152,3962,5604,23,22
2010,West Virginia,Big East,258,178,8,10,15,20,20,11,11,20,13,0,0,199,173,8,13,0,0,805,1140,42,55,2992,2532,382,393,245,228,12,8,24,12,62,79,530,752,14490,14236,0,1,185,157,46,37,526,410,18,3,2076,1124,89,49,199,186,4845,3394,28,24
2010,Western Kentucky,Sun Belt,215,232,11,10,20,20,8,10,10,8,12,1,1,109,104,6,8,1,1,1306,1035,61,44,1888,2495,295,337,151,210,8,6,11,16,73,88,555,694,14318,12007,1,1,130,365,28,39,500,426,21,34,2106,2127,72,57,184,142,3828,4562,14,18
2010,Western Michigan,Mid-American,249,227,17,12,30,26,15,15,15,15,12,2,1,111,128,12,15,1,1,1038,944,47,51,3609,2831,475,353,298,207,15,12,30,20,69,84,614,720,12563,14456,0,0,144,175,42,28,385,461,18,13,1511,1999,73,67,183,179,4940,4654,27,30
2010,Wisconsin,Big Ten,310,220,7,11,10,17,3,9,9,3,13,3,1,250,79,6,14,1,2,1208,2005,54,83,2688,2663,276,367,202,209,14,6,17,20,41,61,399,506,15518,13152,0,1,202,156,39,24,584,423,48,9,3194,1662,73,72,145,178,5787,4183,9,23
2010,Wyoming,Mountain West,174,268,7,9,17,19,9,5,5,9,12,1,0,144,56,9,9,0,0,1016,908,47,41,2223,2604,289,317,174,188,9,9,12,18,65,87,561,741,12745,14739,0,0,46,346,30,35,402,540,17,27,1434,2469,45,72,146,167,3426,4964,18,14
